path,size_bytes,sha256,width,height,mode
INSTALLATION.md,822,9f93c888d1490de11935c9c866d30d8a19207f08b5c9c1b7fc82d21736f05d59,,,
assets/memoriz/README-FINAL.md,1648,d0da32cf47c4298639ba2230cef883b3287ec1ffa09e7a465534de7bc43b98e0,,,
assets/memoriz/README.md,1273,220a8b6a4c9748d6e1351d09bb302f2edcffa5ae52a5138f43a94ffa05bba9cb,,,
assets/memoriz/articles/01-memory-learning.webp,39768,1a1825696ae31d5f106ff1056f7b14f4b4aa32979dcf181c6355832ae96ddc25,1200,720,RGB
assets/memoriz/articles/02-cinema-culture.webp,38162,2529ceae9821bb5e887dfe58335ef1d9053095d05487433ed2a01ad7cb3a47c0,1200,720,RGB
assets/memoriz/articles/03-anime-manga.webp,37922,7e935a6184635d129bd0f9243efac7450dc0c15bcd1815f42934562ab752b1f0,1200,720,RGB
assets/memoriz/articles/04-sport-performance.webp,35318,d68f8da274358ea2b802c12fcf6ae3b5822c40c01cf0b2b89c9628975ef93eec,1200,720,RGB
assets/memoriz/articles/05-science-curiosity.webp,28254,0f5fde30e054a5031cc40a4576603bd1a2892f515963e2e0bd53316f23282a90,1200,720,RGB
assets/memoriz/articles/06-history-legends.webp,25838,f27d79d2b79a404c9582c7e8f2c980e309bbf0886870b7788661dc7f538090a5,1200,720,RGB
assets/memoriz/articles/07-gaming-strategy.webp,33166,9ecf1c1e9568efeaa32f52baa1b7341580801cff0c544558b7da143d46ce1133,1200,720,RGB
assets/memoriz/articles/08-community-challenge.webp,30650,31f105934e84fd5a01100483dc82e681edf6ca0fa11551b77f487b61d6df6bee,1200,720,RGB
assets/memoriz/avatars/avatar-01-blond.webp,120710,154a693746f259ee491c4270a0d06f90c5fd4615189a98878b852b2bdf2bd88a,768,768,RGB
assets/memoriz/avatars/avatar-02-silver.webp,103536,b64301e3140f1d9eca5ad6e1b6a4b90b162b753c987baa31024cacba45fe14cf,768,768,RGB
assets/memoriz/avatars/avatar-03-afrofuturist.webp,123210,353102da9d2e887522d358da115c69b969520c3713f73e78998fb1440841ba17,768,768,RGB
assets/memoriz/avatars/avatar-04-pink.webp,112850,b50c74da68d19ff1bd39313b04b0132fd2ac8eafd99558acb11164e22f68e4fc,768,768,RGB
assets/memoriz/avatars/avatar-05-red.webp,121208,4f352ce0dc1a6a3caca0fbc56b534e8e74eda1bb8d6541509967fd008c97a47b,768,768,RGB
assets/memoriz/avatars/avatar-06-white.webp,115066,f2d25aab70bc56a8c385f6efb748bdb9146135d4d9278cfe34f746137d4f24bd,768,768,RGB
assets/memoriz/avatars/avatar-07-dark.webp,96058,4a7bfdeb450982d065999eaba1493cabd524225ccbd83a08db6dfafac7f6471c,768,768,RGB
assets/memoriz/backgrounds/mobile/articles.webp,34196,182b573422ddb35db5dffecf44c711cd7336c841c13407fae8b75150356fcd9d,1080,1920,RGB
assets/memoriz/backgrounds/mobile/categories.webp,29578,f5df9b8b1d6128bf63232a07b83b084a3d53d8faee26a94674c3f957d22f8b0c,1080,1920,RGB
assets/memoriz/backgrounds/mobile/community.webp,30384,e53ab6df863920cc14235b6ece0f5f4affcb8bf07d1a74a2cec1956758e1039a,1080,1920,RGB
assets/memoriz/backgrounds/mobile/home.webp,29644,5c9ebbcb66a2e744ebcab07760b0f03cffc103507f190e7018fbd83387bc7381,1080,1920,RGB
assets/memoriz/backgrounds/mobile/leaderboard.webp,32772,cd55aba252a7b76bce42eff1cec424c435dd1b36099fd59ac768b1f992f2f7de,1080,1920,RGB
assets/memoriz/backgrounds/mobile/multiplayer.webp,29846,0b3945c95b08c9ee1178a8f4f9d6b9528bea48be7c20751e055967146080b202,1080,1920,RGB
assets/memoriz/backgrounds/mobile/profile.webp,30048,09ac54c9b66ed7bd9241e305028c802065a6a2548932f529226316fd3274aece,1080,1920,RGB
assets/memoriz/backgrounds/mobile/solo.webp,29290,1d6c06a6fbc3fb066f021c9742575047ab9e23210e7d1830f951f99583621eca,1080,1920,RGB
assets/memoriz/backgrounds/web/articles.webp,32720,3ca09b1412ae1a5409564f9dbe153a623d83153d7996204f4ae595da6deaf866,1920,1080,RGB
assets/memoriz/backgrounds/web/categories.webp,32646,e8f5e77472ce2203a84e4b5990d8e3b0c2d10a6afc987d285cb2d5dd27ee26ca,1920,1080,RGB
assets/memoriz/backgrounds/web/community.webp,31868,20202a0d4c4ed712704ef3ce33db10cd95420c275415b79c5d4d68bad25befb3,1920,1080,RGB
assets/memoriz/backgrounds/web/home.webp,34462,849440781f885ddbf5ae20fb1328f641e838528137ced7aff79c558dab10d06c,1920,1080,RGB
assets/memoriz/backgrounds/web/leaderboard.webp,34680,60199a8abe464c50b687b86e45d65896795ef3ce2c358de23dd482228399b3cc,1920,1080,RGB
assets/memoriz/backgrounds/web/multiplayer.webp,34228,6c3633569d94a9e234a7c083f2a39ee08ac2c307303c9fd7fa084bc5211554f0,1920,1080,RGB
assets/memoriz/backgrounds/web/profile.webp,30096,0825b3f18c371c89ab941642e346a2da4a7ecf8c0fe904aa446fcb17eea63998,1920,1080,RGB
assets/memoriz/backgrounds/web/solo.webp,33798,5c5c55017a5eff447225f7da7eedfcf96552426a328a8ac10901e45ba4b487a5,1920,1080,RGB
assets/memoriz/categories/animeCelebres.webp,100074,7086f9940007afecfc4da709a567a701755831395a8bf0d397bfea0412f03883,1024,1280,RGB
assets/memoriz/categories/animeDeteste.webp,81346,4b76aa2b35ef2b3ae7a995abcd147ce708ebabf1510d058c65ea2b8a793d8321,1024,1280,RGB
assets/memoriz/categories/animeForts.webp,88436,f704a7a4d65ec71dceebf40cfec7b58fc764db7739ce4c99e4ee620f09ea28da,1024,1280,RGB
assets/memoriz/categories/animeIdiots.webp,80936,acbd5025fd88b4f6e806bd6cddd3f7291fff793516e9ecbd751efcad979c9ea5,1024,1280,RGB
assets/memoriz/categories/animeIntelligents.webp,87326,693fe4991b7ed5197fc9121508250626921c3d686a33aacc43138204f93ab90a,1024,1280,RGB
assets/memoriz/categories/animeParOrganisation.webp,81106,71a395b95c1c4efb143b79aa42aeb41547dc9b054db0e0dd6ca5a35b1d9bb1b1,1024,1280,RGB
assets/memoriz/categories/ballonDor.webp,80156,21aac4bf68f39f689f29a2905d2986cab64ff5823cfa83ce5efd3861c8e1ea98,1024,1280,RGB
assets/memoriz/categories/devinePersonnage.webp,71562,db603ff0742ff7c81f5f4bb1212dc6cb93cf9a40b8b45ce50b9e6054bac595b0,1024,1280,RGB
assets/memoriz/categories/fillesPuissantes.webp,82166,93b26a9e8dde99197099fc6d6bfcf1c11b8d208f86dc5329dc446fdc15cc20bd,1024,1280,RGB
assets/memoriz/categories/films.webp,133346,8de097228ff703a532aaec97b121ced26ffa984086e7b4deac1df8385a798c84,1024,1280,RGB
assets/memoriz/categories/jeuxVideo.webp,135276,f78f47b6d1aac535b05790ad968953c179e6c9e2629d9cb6cbb2fb1dd67c5ec1,1024,1280,RGB
assets/memoriz/categories/ligueDesChampions.webp,81184,96a5faa4eea98d998560183cd5bc7f734ec8291a8d8a058db33c230cf4e37923,1024,1280,RGB
assets/memoriz/categories/meilleuresTechniques.webp,77868,32e94e82871512d47fa497b8f696766127d24b0b4100bea37c66d98416a11906,1024,1280,RGB
assets/memoriz/categories/meilleuresTransformations.webp,71510,149d355093c0486727fae302867ed2b5c638a15d67e3731443ac85cfe3c41895,1024,1280,RGB
assets/memoriz/categories/meilleursAnimes.webp,77898,4f3a80405686a4a97ab2befbc041d1b2275b7a6ad10edcb920b614a863f0c6f4,1024,1280,RGB
assets/memoriz/categories/meilleursArcs.webp,78250,cfaae5304c7038a3f400bb40c5ab9cb061d11a1315d4ac3acb4c94e55b159a62,1024,1280,RGB
assets/memoriz/categories/meilleursCombats.webp,80446,2c8d7300dd766a23bd933b09feeca2117e9d409662d4b9eda0749f7e818c3fbe,1024,1280,RGB
assets/memoriz/categories/meilleursEntraineurs.webp,79256,d8af6dc57103aa94a34b85c99356473f7cf08c6a78831fbd7f650bef90766f84,1024,1280,RGB
assets/memoriz/categories/meilleursFootballeurs.webp,87928,8a6432c28362dcbfd470ec96657f5d10a96eda363806aeff75571283c073a15c,1024,1280,RGB
assets/memoriz/categories/meilleursMangas.webp,78444,31466a2d5fdd9fa58f3e3a10843605828195a61eb53b93e4d8a8c4fdb1b835ec,1024,1280,RGB
assets/memoriz/categories/rapFrUs.webp,207416,2cba9de78c243c22983f61bfbc7ece2956bda024e42a757bddd32613eeba3454,1024,1280,RGB
assets/memoriz/categories/series.webp,123348,ca54be200b62603d8e92b3c832cc0830db8840d00cb96c018ad3a30b376599a2,1024,1280,RGB
assets/memoriz/categories/seriesDeteste.webp,78436,c9f8609745f38fbe1af165bbbdb4285e476966fffebd11d0c65a24e2b7a0ec70,1024,1280,RGB
assets/memoriz/categories/sportsMusique.webp,208740,6e30cef27bda0449e62608cc01ea4aa4176d37d9f2e3acf800348bfa22b82c07,1024,1280,RGB
assets/memoriz/categories/superHeros.webp,75380,7c2a0ff0787d79ef8e4207d10c746a427547feec86e14a792b3086a203628322,1024,1280,RGB
assets/memoriz/categories/trouveAnime.webp,86286,2110a9f841d4a5004a6eb09ce67b7fffa02bd16bda300b7800caffb39b3fce29,1024,1280,RGB
assets/memoriz/category-manifest.json,2539,478f39ea4e28ec9117cb487a691c9a43050937cb6ec80c3f6fe5437834d5c618,,,
assets/memoriz/effects/comment-bubble.png,2255888,4b7f2c6d3abd4ecb0ece22e297a50170edf8b08577ea74a9e9bb1001d3bbc61d,1024,1536,RGBA
assets/memoriz/effects/menu-more.png,2085751,8345f2ecc50d95c404072b2bf3921697b04625d989be491603eaf6022985abb5,1024,1536,RGBA
assets/memoriz/effects/progress-target.png,2253707,a63a7aa3e9e2add4c6fc43f4cf2f0446e50c17432265a61187f0fc0afe117619,1024,1536,RGBA
assets/memoriz/effects/reaction-heart.png,2240454,0d03067dbc460b30f1f9c3bbe4aac369595efe35a0fc83612e14f9c33de857f4,1024,1536,RGBA
assets/memoriz/gameplay/correct-answer.png,2273591,80f64f7991c6645864506789c146a49409be6a668929ec17f09f6ca5e4d74220,1024,1536,RGBA
assets/memoriz/gameplay/did-you-know.png,163172,8584289aba1b616b71e85ce09eb866d9285f405888e1c572f0142e6dd1f7b84a,1024,1024,RGBA
assets/memoriz/gameplay/no-answer.png,103862,df07e491c7a55be52b5f695ac0e18342a19757b9ccaaa1a915232543aef076ca,1024,1024,RGBA
assets/memoriz/gameplay/perfect-game.png,2256325,134e472b2baeb89a6a3ad1855f301e95897d7ec87c5929ff3a8e20dcfe30300d,1024,1536,RGBA
assets/memoriz/gameplay/protection.png,2325751,713eb0e93dc454939f3c9ed5ea307b88bb68110b9d6675fd65023f1c1c776b7e,1024,1536,RGBA
assets/memoriz/gameplay/quiz-completed.png,2233295,ea6fe39e73b2a24f3dfc065f291ec13d48c07bd9a27e514bf5c65e5f5c08b50c,1024,1536,RGBA
assets/memoriz/gameplay/speed-bonus.png,2183732,8bac9dd054bb33a2d8734d93627a930ecf1268772638da1a17875928d9fc458c,1024,1536,RGBA
assets/memoriz/gameplay/streak.png,2114071,b9ed9a080a833f3614709337578994586232e63e4527aade03b55113fe03f3de,1024,1536,RGBA
assets/memoriz/gameplay/trophy.png,2289946,fe6e0e0b3e70fc13dd16406ba22fc12c96c1f113a7e71c5cbb59c6232c3cfbe0,1024,1536,RGBA
assets/memoriz/gameplay/wrong-answer.png,1539950,41926a2646031ec4a6bff8f3dd22ed8ade002178e8e213f453d8619e7b2adb90,1024,1024,RGBA
assets/memoriz/intro/mobile/01-inactive-1080x1920.webp,78584,af3a5ff57af749c39bf2fb1f61a0bda0b4063ae1651c17117c4cf62c99ee22f3,1080,1920,RGB
assets/memoriz/intro/mobile/02-first-mark-1080x1920.webp,155436,7723ab48bdf366f7951611f4f949bdc356c5c9475abbe8bad3d07dbe0405de29,1080,1920,RGB
assets/memoriz/intro/mobile/03-second-mark-1080x1920.webp,150564,151ebd8222706a68c4a4db20f68bff2e230ceeea56dde7f800a2667ed030780f,1080,1920,RGB
assets/memoriz/intro/mobile/04-third-mark-1080x1920.webp,209910,413833f893014b8fcdd6c8e294d5e8885884dbbe5aa55261f0968163fd4774ad,1080,1920,RGB
assets/memoriz/intro/mobile/05-ultimate-1080x1920.webp,231988,283400f5dd1999e23ec3c9052a89331d73f7dd165ee39364e877d8e24c639b12,1080,1920,RGB
assets/memoriz/intro/web/01-inactive-1920x1080.webp,65456,eacfb174bd3c6393da5fb552293b9a1f970bf6f81750c2a22fed54ff6898ef02,1920,1080,RGB
assets/memoriz/intro/web/02-first-mark-1920x1080.webp,131314,f04266dcd72d14e2c442245bdaaab69b478e9b3986e17e96608cbc0b27d43dfd,1920,1080,RGB
assets/memoriz/intro/web/03-second-mark-1920x1080.webp,140752,4bb0ae30c5cbbf475a2fb82d8c34772045b9bcde5f5ced1a7c4f53eda813d11c,1920,1080,RGB
assets/memoriz/intro/web/04-third-mark-1920x1080.webp,213770,0386e1cc5c01008e41e2a2dbf8f4eb18b1eb11988e6a90042441fc6f4ac62917,1920,1080,RGB
assets/memoriz/intro/web/05-ultimate-1920x1080.webp,220410,01f254312b6a502555fb060b9dff7e2530553f7db14882ca762ba55f245d2424,1920,1080,RGB
assets/memoriz/inventory-final.csv,13653,8d41683d4ddcd3304cbe165f24bbd81a4955c2ed8020de9a33bca21dfd302335,,,
assets/memoriz/inventory.csv,4805,507ea95ecdc87e3487db2b082e47268fc185f502f269df17d9a0caeb10eaede3,,,
assets/memoriz/manifest-final.json,1283,2b5540a7a344615c62832ee27b9b70b6f6a1731b8f6ddad16db88c25a96de1bc,,,
assets/memoriz/manifest.json,808,b7dae4242446bf14dc88b47235d0dd769e3fd302ce61a7f3ea3a1a00484df6eb,,,
assets/memoriz/multiplayer/create-room.png,68525,a9cfcb329c3e720127758a2eac4e8416984b05612a2a95123d3c2d5720230787,1024,1024,RGBA
assets/memoriz/multiplayer/defeat.png,192200,c78fd451e37eca4e3c809daec8c60c4c61ce099769f2dc7d988c8289892d77d5,1024,1024,RGBA
assets/memoriz/multiplayer/draw.png,247752,bf30a23c6ff16695ec3cc2b823b29feabcb502d3176c3bc0c99e11812cf0ddd4,1024,1024,RGBA
assets/memoriz/multiplayer/host-transfer.png,272780,ab8f19cdaedbd170d4d6cc7c26ec4106aa78ab083db383c94366c3942b247c12,1024,1024,RGBA
assets/memoriz/multiplayer/join-room.png,57788,d988bf0972f0bac602fcf4b14eeef617e2ec98f5d2a4416aecd0cfbdc4b7cae9,1024,1024,RGBA
assets/memoriz/multiplayer/player-disconnected.png,185743,89c6615ae280f05d06e97116523b4b9b65be6f7a19057f45f19f6ec2568e8900,1024,1024,RGBA
assets/memoriz/multiplayer/player-ready.png,209061,99ab03c89c60db9a63905dfcff253a09e21b2a5fa6c8390893bdc5de564d7a94,1024,1024,RGBA
assets/memoriz/multiplayer/podium.png,145777,287c3504771e1ba23243c9275b7e3a03f33d22e643028bce96198a05bd422828,1024,1024,RGBA
assets/memoriz/multiplayer/reconnecting.png,210348,d0628579db3dd7ba2197e75fa8dc96b43c19b3f52a710021dc5a50b205ae84cf,1024,1024,RGBA
assets/memoriz/multiplayer/room-expired.png,168164,6f6b6ca31d24953cf9c73ae14ea5d58d9dc30ad00850cf72b989fd811e76d9b4,1024,1024,RGBA
assets/memoriz/multiplayer/room-full.png,75960,6864d58ff96581a4367e0649214676ad7c17c32d8a6a3f9d989d8e0494202eb3,1024,1024,RGBA
assets/memoriz/multiplayer/room-not-found.png,251894,74f4b17ceebb1f43b0e9ce4fd23fc19e6d654a262e13451e59764e2425438128,1024,1024,RGBA
assets/memoriz/multiplayer/victory.png,289381,6cb72b220ff9f51a82a47d41d556bd84b7da8b1183224ed342c29090ef51239e,1024,1024,RGBA
assets/memoriz/multiplayer/waiting-players.png,236512,5bb91915d86fd5dfc58b7444334c3861a34519ffe40016fd85598cb1ffe9ce87,1024,1024,RGBA
assets/memoriz/references/a_dark_cinematic_ui_asset_sheet_poster_for_a_game.png,1881189,744e68ad17ca8add1c9d3524f648ecca130b01583e897e925b5ede81b15779a5,1536,1024,RGB
assets/memoriz/references/memoriz-desktop-approved.png,1787327,f22a6b45dd7316d889ea88b1b892e993e44f098a475f158539c394834165467b,1536,1024,RGB
assets/memoriz/states/access-denied.png,171579,9171c351a690ea650793d52effa030d482eb09df622a75bb73c607a1fd2213ea,1024,1024,RGBA
assets/memoriz/states/connection-lost.png,171113,0545166d805560a0f06f9e138e7595517b5a86478f79d9fcb37fa15e111ee986,1024,1024,RGBA
assets/memoriz/states/content-unavailable.png,190061,7c853c80742ded32f989e49dabacf1a6ea94d2a29c81e79b6ed07ddc8b29e442,1024,1024,RGBA
assets/memoriz/states/loading.png,207612,7448a8332ccff9858e3ca3676ae3fc2a2ee6839182a3ad5e58ca5917db25f27a,1024,1024,RGBA
assets/memoriz/states/maintenance.png,223399,944b0fad5b9899f7f10f021ce0bd175a62863be9592c7e6b3edd07e495407473,1024,1024,RGBA
assets/memoriz/states/no-data.png,191104,b1e26d77530866478da8ae87dd6e6c99001f6a51fab6d5a0a97aed34406ec850,1024,1024,RGBA
assets/memoriz/states/no-search-results.png,208346,7f3d45727bf955cff6b3fee453b51e90561cf8b9bc85eac7a94b10ce166b02db,1024,1024,RGBA
assets/memoriz/states/server-error.png,171157,9621bdd7e22437204d128f9ccfce10cb898bc18a644e58fa5bd1bbb6b1d06c15,1024,1024,RGBA
assets/memoriz/states/session-expired.png,172205,3cb68b3d041c1ea8402adbfa50da703e8bd71959f8cfb6762863fe7d5bbb2993,1024,1024,RGBA
docs/ROADMAP_FRONTEND_V4.md,3853,2006e9d65b4df3960d635a27de4500579a25127d7bd33cfd6aa45a03ea75c390,,,
prompts/CODEX_FRONTEND_REBUILD_V4.md,17746,5f2a45b17db3c03cdc2583e5685c283b68a18428855a4343ee37229a1863c992,,,
references/mobile/01-home-approved.png,2155029,16a71cb6844c0bf9fd3126dbc915c63854a46acdad08c6d52f04b4a539a3d282,941,1672,RGBA
references/mobile/02-explorer-approved.png,2153600,0acf16309b47f3709b742066a89af3eb6d5d55d0cc957118b201e397c22db61f,941,1672,RGBA
references/mobile/03-solo-approved.png,1987309,0d05b63259ce6eafaaf8ca06589ac2d1c8057b3a358eaeb78b126ba856e27c9f,941,1672,RGBA
references/mobile/04-multiplayer-portal-approved.png,1961145,f2dbe95621eb0f16516b4d3d2504d90cb37bb7c041872c437a47906f7961df2e,941,1672,RGBA
references/mobile/05-community-approved.png,2020906,d2d506eaa52d96e278880d97d880c85db2131b487acbd4866e80d93264a49955,941,1672,RGBA
references/mobile/intro-01-inactive.png,1961477,ababf42faace0e5862386986295aeda05aec2a082c4981badb0e29e145df165f,941,1672,RGBA
references/mobile/intro-02-first-mark.png,2156048,95565792e9eb565e9b9d62729412006e99831d4eb100522f08297d286f819d34,941,1672,RGBA
references/mobile/intro-03-second-mark.png,1829007,59509e8f39a421a0182bcb90cfa9d5e6d4d53b008ac10e3d9c11fe61a8435eb3,941,1672,RGBA
references/mobile/intro-04-third-mark.png,2013858,5641c1deb56b70e30c99abe93b2d3f61244173cae29b5a5f914e2b3cebd3cbef,941,1672,RGBA
references/mobile/intro-05-ultimate.png,2210429,63cbdc64fbadf48e0db8d89cb2edb420703d6c1a6d1d6b9024baaeca0e5e7aeb,941,1672,RGBA
references/validated/articles-mobile-web.png,381101,ed71884c3f3b7927f97e455b9850b917b1e646a0e43dda0fbc6b63dcb40ee1d0,1800,1120,RGB
references/validated/community-comments-mobile-web.png,236262,5968fd0d20836f7d8b4bd7b47b1ec1577882ed1156c60bf666839b52332d886e,1800,1120,RGB
references/validated/final-profile-article-states-board.png,1824339,ff5441fe32b6a6f0c79f8fa8a48dfe28fc63adbfdd8f640ef62071c9f3a266c3,1536,1024,RGB
references/validated/leaderboard-mobile-web.png,245543,753936edc937450fb831454c8d09400567b6862254a5742b281f8b21d698c9ec,1800,1120,RGB
references/validated/portal-mobile-web.png,225503,1c41a03e86d516ea390660cb456629967d7eba1ce244612dcf71880540b872c7,1800,1120,RGB
references/web/01-desktop-overview-approved.png,2515930,007dbc287e9c97fd807e957d2bb804a8c73b566957735d5b57fff24919c693b3,1536,1024,RGBA
references/web/02-desktop-reference-historical.png,1787327,f22a6b45dd7316d889ea88b1b892e993e44f098a475f158539c394834165467b,1536,1024,RGB
